{
  "n03662601": {
    "class": "lifeboat"
  },
  "n02165456": {
    "class": "ladybug, ladybeetle, lady beetle, ladybird, ladybird beetle"
  },
  "n07873807": {
    "class": "pizza, pizza pie"
  },
  "n07720875": {
    "class": "bell pepper"
  },
  "n04146614": {
    "class": "school bus"
  },
  "n01882714": {
    "class": "koala, koala bear, kangaroo bear, native bear, Phascolarctos cinereus"
  },
  "n07920052": {
    "class": "espresso"
  },
  "n02509815": {
    "class": "lesser panda, red panda, panda, bear cat, cat bear, Ailurus fulgens"
  },
  "n07747607": {
    "class": "orange"
  },
  "n04285008": {
    "class": "sports car, sport car"
  }
}